user_id,role,department,branch,position,license,seniority,employment_type
U0000,Nurse,Khoa_Noi,CN_HN,Nurse,Yes,Senior,FullTime
U0001,Nurse,Khoa_Ngoai,CN_HN,Nurse,Yes,Mid,FullTime
U0002,Nurse,Khoa_Ngoai,CN_HCM,Nurse,Yes,Junior,FullTime
U0003,HR,Phong_NhanSu,CN_HCM,HR,No,Senior,FullTime
U0004,Cashier,Phong_TaiChinh,CN_HCM,Cashier,No,Senior,FullTime
U0005,Nurse,Khoa_Ngoai,CN_HCM,Nurse,Yes,Junior,FullTime
U0006,Doctor,Khoa_Noi,CN_HCM,Doctor,Yes,Junior,FullTime
U0007,Cashier,Phong_TaiChinh,CN_HCM,Cashier,No,Junior,FullTime
U0008,HR,Phong_NhanSu,CN_HN,HR,No,Mid,FullTime
U0009,HR,Phong_NhanSu,CN_HN,HR,No,Mid,FullTime
U0010,Cashier,Phong_TaiChinh,CN_HCM,Cashier,No,Junior,FullTime
U0011,HR,Phong_NhanSu,CN_HN,HR,No,Senior,FullTime
U0012,Cashier,Phong_TaiChinh,CN_HCM,Cashier,No,Junior,FullTime
U0013,Cashier,Phong_TaiChinh,CN_HCM,Cashier,No,Junior,FullTime
U0014,Doctor,Khoa_Ngoai,CN_HN,Doctor,Yes,Mid,FullTime
U0015,Nurse,Khoa_Ngoai,CN_HCM,Nurse,Yes,Senior,FullTime
U0016,Cashier,Phong_TaiChinh,CN_HCM,Cashier,No,Junior,FullTime
U0017,Doctor,Khoa_Ngoai,CN_HCM,Doctor,Yes,Junior,FullTime
U0018,Doctor,Khoa_Noi,CN_HN,Doctor,Yes,Mid,FullTime
U0019,Cashier,Phong_TaiChinh,CN_HCM,Cashier,No,Senior,FullTime
U0020,Receptionist,Phong_TiepDon,CN_HN,Receptionist,No,Mid,FullTime
U0021,Doctor,Khoa_Noi,CN_HCM,Doctor,Yes,Mid,FullTime
U0022,Receptionist,Phong_TiepDon,CN_HCM,Receptionist,No,Senior,FullTime
U0023,Nurse,Khoa_Ngoai,CN_HN,Nurse,Yes,Junior,FullTime
U0024,HR,Phong_NhanSu,CN_HCM,HR,No,Mid,FullTime
U0025,Doctor,Khoa_Noi,CN_HCM,Doctor,Yes,Junior,FullTime
U0026,Cashier,Phong_TaiChinh,CN_HN,Cashier,No,Senior,FullTime
U0027,Cashier,Phong_TaiChinh,CN_HN,Cashier,No,Junior,FullTime
U0028,Doctor,Khoa_Noi,CN_HCM,Doctor,Yes,Senior,FullTime
U0029,HR,Phong_NhanSu,CN_HN,HR,No,Mid,FullTime
U0030,Nurse,Khoa_Noi,CN_HCM,Nurse,Yes,Mid,FullTime
U0031,HR,Phong_NhanSu,CN_HN,HR,No,Junior,FullTime
U0032,Doctor,Khoa_Noi,CN_HN,Doctor,Yes,Senior,FullTime
U0033,Receptionist,Phong_TiepDon,CN_HN,Receptionist,No,Junior,FullTime
U0034,HR,Phong_NhanSu,CN_HCM,HR,No,Mid,FullTime
U0035,Receptionist,Phong_TiepDon,CN_HCM,Receptionist,No,Mid,FullTime
U0036,HR,Phong_NhanSu,CN_HCM,HR,No,Mid,FullTime
U0037,Cashier,Phong_TaiChinh,CN_HN,Cashier,No,Mid,FullTime
U0038,Doctor,Khoa_Ngoai,CN_HN,Doctor,Yes,Junior,FullTime
U0039,Doctor,Khoa_Ngoai,CN_HCM,Doctor,Yes,Junior,FullTime
U0040,HR,Phong_NhanSu,CN_HN,HR,No,Mid,FullTime
U0041,Cashier,Phong_TaiChinh,CN_HN,Cashier,No,Senior,FullTime
U0042,Cashier,Phong_TaiChinh,CN_HN,Cashier,No,Mid,FullTime
U0043,Nurse,Khoa_Ngoai,CN_HN,Nurse,Yes,Mid,FullTime
U0044,Cashier,Phong_TaiChinh,CN_HCM,Cashier,No,Junior,FullTime
U0045,HR,Phong_NhanSu,CN_HCM,HR,No,Junior,FullTime
U0046,Receptionist,Phong_TiepDon,CN_HCM,Receptionist,No,Junior,FullTime
U0047,Doctor,Khoa_Noi,CN_HN,Doctor,Yes,Junior,FullTime
U0048,Doctor,Khoa_Noi,CN_HN,Doctor,Yes,Junior,FullTime
U0049,Cashier,Phong_TaiChinh,CN_HN,Cashier,No,Mid,FullTime
U0050,Nurse,Khoa_Ngoai,CN_HCM,Nurse,Yes,Senior,FullTime
U0051,Doctor,Khoa_Noi,CN_HCM,Doctor,Yes,Mid,FullTime
U0052,HR,Phong_NhanSu,CN_HN,HR,No,Junior,FullTime
U0053,Cashier,Phong_TaiChinh,CN_HN,Cashier,No,Mid,FullTime
U0054,Nurse,Khoa_Noi,CN_HN,Nurse,Yes,Mid,FullTime
U0055,Doctor,Khoa_Noi,CN_HN,Doctor,Yes,Junior,FullTime
U0056,Cashier,Phong_TaiChinh,CN_HN,Cashier,No,Junior,FullTime
U0057,Doctor,Khoa_Noi,CN_HN,Doctor,Yes,Senior,FullTime
U0058,HR,Phong_NhanSu,CN_HN,HR,No,Mid,FullTime
U0059,HR,Phong_NhanSu,CN_HCM,HR,No,Mid,FullTime
U0060,Doctor,Khoa_Noi,CN_HCM,Doctor,Yes,Mid,FullTime
U0061,Receptionist,Phong_TiepDon,CN_HN,Receptionist,No,Junior,FullTime
U0062,Cashier,Phong_TaiChinh,CN_HN,Cashier,No,Mid,FullTime
U0063,Receptionist,Phong_TiepDon,CN_HN,Receptionist,No,Mid,FullTime
U0064,HR,Phong_NhanSu,CN_HN,HR,No,Mid,FullTime
U0065,Receptionist,Phong_TiepDon,CN_HN,Receptionist,No,Senior,FullTime
U0066,Doctor,Khoa_Ngoai,CN_HCM,Doctor,Yes,Mid,FullTime
U0067,Receptionist,Phong_TiepDon,CN_HN,Receptionist,No,Mid,FullTime
U0068,Cashier,Phong_TaiChinh,CN_HN,Cashier,No,Senior,FullTime
U0069,Receptionist,Phong_TiepDon,CN_HN,Receptionist,No,Senior,FullTime
U0070,HR,Phong_NhanSu,CN_HCM,HR,No,Junior,FullTime
U0071,HR,Phong_NhanSu,CN_HCM,HR,No,Mid,FullTime
U0072,Receptionist,Phong_TiepDon,CN_HCM,Receptionist,No,Mid,FullTime
U0073,Cashier,Phong_TaiChinh,CN_HN,Cashier,No,Junior,FullTime
U0074,Nurse,Khoa_Ngoai,CN_HN,Nurse,Yes,Senior,FullTime
U0075,Receptionist,Phong_TiepDon,CN_HN,Receptionist,No,Senior,FullTime
U0076,Nurse,Khoa_Ngoai,CN_HCM,Nurse,Yes,Mid,FullTime
U0077,Receptionist,Phong_TiepDon,CN_HN,Receptionist,No,Senior,FullTime
U0078,Cashier,Phong_TaiChinh,CN_HN,Cashier,No,Mid,FullTime
U0079,Cashier,Phong_TaiChinh,CN_HCM,Cashier,No,Junior,FullTime
U0080,Doctor,Khoa_Noi,CN_HN,Doctor,Yes,Senior,FullTime
U0081,HR,Phong_NhanSu,CN_HCM,HR,No,Senior,FullTime
U0082,HR,Phong_NhanSu,CN_HN,HR,No,Senior,FullTime
U0083,Cashier,Phong_TaiChinh,CN_HCM,Cashier,No,Mid,FullTime
U0084,Receptionist,Phong_TiepDon,CN_HN,Receptionist,No,Junior,FullTime
U0085,Cashier,Phong_TaiChinh,CN_HCM,Cashier,No,Mid,FullTime
U0086,Receptionist,Phong_TiepDon,CN_HCM,Receptionist,No,Senior,FullTime
U0087,Doctor,Khoa_Ngoai,CN_HCM,Doctor,Yes,Senior,FullTime
U0088,Doctor,Khoa_Ngoai,CN_HCM,Doctor,Yes,Senior,FullTime
U0089,Doctor,Khoa_Ngoai,CN_HCM,Doctor,Yes,Junior,FullTime
U0090,Doctor,Khoa_Ngoai,CN_HN,Doctor,Yes,Junior,FullTime
U0091,Nurse,Khoa_Ngoai,CN_HN,Nurse,Yes,Junior,FullTime
U0092,Nurse,Khoa_Noi,CN_HCM,Nurse,Yes,Mid,FullTime
U0093,HR,Phong_NhanSu,CN_HN,HR,No,Junior,FullTime
U0094,Doctor,Khoa_Noi,CN_HCM,Doctor,Yes,Junior,FullTime
U0095,Receptionist,Phong_TiepDon,CN_HN,Receptionist,No,Senior,FullTime
U0096,HR,Phong_NhanSu,CN_HCM,HR,No,Mid,FullTime
U0097,Cashier,Phong_TaiChinh,CN_HN,Cashier,No,Junior,FullTime
U0098,HR,Phong_NhanSu,CN_HN,HR,No,Senior,FullTime
U0099,Nurse,Khoa_Ngoai,CN_HN,Nurse,Yes,Senior,FullTime
U0100,HR,Phong_NhanSu,CN_HCM,HR,No,Junior,FullTime
U0101,HR,Phong_NhanSu,CN_HCM,HR,No,Senior,FullTime
U0102,Receptionist,Phong_TiepDon,CN_HN,Receptionist,No,Mid,FullTime
U0103,Nurse,Khoa_Noi,CN_HCM,Nurse,Yes,Junior,FullTime
U0104,Doctor,Khoa_Ngoai,CN_HCM,Doctor,Yes,Mid,FullTime
U0105,HR,Phong_NhanSu,CN_HN,HR,No,Junior,FullTime
U0106,Nurse,Khoa_Noi,CN_HN,Nurse,Yes,Junior,FullTime
U0107,Cashier,Phong_TaiChinh,CN_HN,Cashier,No,Mid,FullTime
U0108,Doctor,Khoa_Noi,CN_HCM,Doctor,Yes,Mid,FullTime
U0109,HR,Phong_NhanSu,CN_HN,HR,No,Junior,FullTime
U0110,Cashier,Phong_TaiChinh,CN_HN,Cashier,No,Senior,FullTime
U0111,Cashier,Phong_TaiChinh,CN_HN,Cashier,No,Junior,FullTime
U0112,Doctor,Khoa_Noi,CN_HCM,Doctor,Yes,Senior,FullTime
U0113,Receptionist,Phong_TiepDon,CN_HN,Receptionist,No,Senior,FullTime
U0114,Nurse,Khoa_Ngoai,CN_HCM,Nurse,Yes,Mid,FullTime
U0115,Nurse,Khoa_Ngoai,CN_HCM,Nurse,Yes,Mid,FullTime
U0116,Cashier,Phong_TaiChinh,CN_HCM,Cashier,No,Junior,FullTime
U0117,HR,Phong_NhanSu,CN_HCM,HR,No,Mid,FullTime
U0118,Nurse,Khoa_Ngoai,CN_HN,Nurse,Yes,Junior,FullTime
U0119,HR,Phong_NhanSu,CN_HN,HR,No,Mid,FullTime
U0120,HR,Phong_NhanSu,CN_HN,HR,No,Senior,FullTime
U0121,HR,Phong_NhanSu,CN_HCM,HR,No,Mid,FullTime
U0122,Nurse,Khoa_Ngoai,CN_HCM,Nurse,Yes,Junior,FullTime
U0123,Nurse,Khoa_Noi,CN_HCM,Nurse,Yes,Senior,FullTime
U0124,Cashier,Phong_TaiChinh,CN_HN,Cashier,No,Mid,FullTime
U0125,Cashier,Phong_TaiChinh,CN_HCM,Cashier,No,Senior,FullTime
U0126,Doctor,Khoa_Ngoai,CN_HN,Doctor,Yes,Junior,FullTime
U0127,Nurse,Khoa_Noi,CN_HN,Nurse,Yes,Junior,FullTime
U0128,Receptionist,Phong_TiepDon,CN_HCM,Receptionist,No,Mid,FullTime
U0129,Cashier,Phong_TaiChinh,CN_HCM,Cashier,No,Junior,FullTime
U0130,Cashier,Phong_TaiChinh,CN_HN,Cashier,No,Senior,FullTime
U0131,HR,Phong_NhanSu,CN_HCM,HR,No,Senior,FullTime
U0132,Receptionist,Phong_TiepDon,CN_HCM,Receptionist,No,Senior,FullTime
U0133,Doctor,Khoa_Noi,CN_HCM,Doctor,Yes,Junior,FullTime
U0134,Nurse,Khoa_Ngoai,CN_HN,Nurse,Yes,Mid,FullTime
U0135,HR,Phong_NhanSu,CN_HCM,HR,No,Mid,FullTime
U0136,Receptionist,Phong_TiepDon,CN_HN,Receptionist,No,Senior,FullTime
U0137,HR,Phong_NhanSu,CN_HN,HR,No,Senior,FullTime
U0138,Doctor,Khoa_Noi,CN_HN,Doctor,Yes,Junior,FullTime
U0139,Receptionist,Phong_TiepDon,CN_HCM,Receptionist,No,Mid,FullTime
U0140,Cashier,Phong_TaiChinh,CN_HCM,Cashier,No,Senior,FullTime
U0141,Cashier,Phong_TaiChinh,CN_HCM,Cashier,No,Junior,FullTime
U0142,Doctor,Khoa_Noi,CN_HN,Doctor,Yes,Mid,FullTime
U0143,Doctor,Khoa_Ngoai,CN_HCM,Doctor,Yes,Mid,FullTime
U0144,Cashier,Phong_TaiChinh,CN_HCM,Cashier,No,Senior,FullTime
U0145,Cashier,Phong_TaiChinh,CN_HCM,Cashier,No,Mid,FullTime
U0146,HR,Phong_NhanSu,CN_HCM,HR,No,Mid,FullTime
U0147,Doctor,Khoa_Ngoai,CN_HCM,Doctor,Yes,Junior,FullTime
U0148,HR,Phong_NhanSu,CN_HN,HR,No,Junior,FullTime
U0149,Doctor,Khoa_Ngoai,CN_HCM,Doctor,Yes,Mid,FullTime
U0150,Receptionist,Phong_TiepDon,CN_HN,Receptionist,No,Mid,FullTime
U0151,HR,Phong_NhanSu,CN_HCM,HR,No,Senior,FullTime
U0152,Nurse,Khoa_Ngoai,CN_HCM,Nurse,Yes,Senior,FullTime
U0153,Receptionist,Phong_TiepDon,CN_HN,Receptionist,No,Senior,FullTime
U0154,Doctor,Khoa_Noi,CN_HCM,Doctor,Yes,Junior,FullTime
U0155,HR,Phong_NhanSu,CN_HCM,HR,No,Mid,FullTime
U0156,HR,Phong_NhanSu,CN_HCM,HR,No,Mid,FullTime
U0157,Receptionist,Phong_TiepDon,CN_HCM,Receptionist,No,Junior,FullTime
U0158,Nurse,Khoa_Ngoai,CN_HCM,Nurse,Yes,Junior,FullTime
U0159,Receptionist,Phong_TiepDon,CN_HN,Receptionist,No,Mid,FullTime
U0160,HR,Phong_NhanSu,CN_HCM,HR,No,Junior,FullTime
U0161,Nurse,Khoa_Noi,CN_HCM,Nurse,Yes,Mid,FullTime
U0162,Cashier,Phong_TaiChinh,CN_HCM,Cashier,No,Senior,FullTime
U0163,Receptionist,Phong_TiepDon,CN_HCM,Receptionist,No,Senior,FullTime
U0164,HR,Phong_NhanSu,CN_HN,HR,No,Senior,FullTime
U0165,Cashier,Phong_TaiChinh,CN_HN,Cashier,No,Mid,FullTime
U0166,Cashier,Phong_TaiChinh,CN_HCM,Cashier,No,Mid,FullTime
U0167,HR,Phong_NhanSu,CN_HCM,HR,No,Senior,FullTime
U0168,HR,Phong_NhanSu,CN_HN,HR,No,Senior,FullTime
U0169,Nurse,Khoa_Noi,CN_HCM,Nurse,Yes,Junior,FullTime
U0170,Cashier,Phong_TaiChinh,CN_HN,Cashier,No,Junior,FullTime
U0171,Doctor,Khoa_Ngoai,CN_HCM,Doctor,Yes,Junior,FullTime
U0172,Nurse,Khoa_Noi,CN_HCM,Nurse,Yes,Junior,FullTime
U0173,HR,Phong_NhanSu,CN_HCM,HR,No,Mid,FullTime
U0174,Doctor,Khoa_Noi,CN_HN,Doctor,Yes,Mid,FullTime
U0175,Doctor,Khoa_Noi,CN_HN,Doctor,Yes,Senior,FullTime
U0176,Doctor,Khoa_Ngoai,CN_HN,Doctor,Yes,Junior,FullTime
U0177,Nurse,Khoa_Ngoai,CN_HN,Nurse,Yes,Mid,FullTime
U0178,HR,Phong_NhanSu,CN_HN,HR,No,Senior,FullTime
U0179,HR,Phong_NhanSu,CN_HCM,HR,No,Senior,FullTime
U0180,HR,Phong_NhanSu,CN_HN,HR,No,Senior,FullTime
U0181,Nurse,Khoa_Ngoai,CN_HCM,Nurse,Yes,Mid,FullTime
U0182,Nurse,Khoa_Noi,CN_HCM,Nurse,Yes,Senior,FullTime
U0183,Nurse,Khoa_Noi,CN_HN,Nurse,Yes,Mid,FullTime
U0184,Doctor,Khoa_Noi,CN_HCM,Doctor,Yes,Junior,FullTime
U0185,HR,Phong_NhanSu,CN_HCM,HR,No,Junior,FullTime
U0186,Nurse,Khoa_Ngoai,CN_HCM,Nurse,Yes,Mid,FullTime
U0187,HR,Phong_NhanSu,CN_HCM,HR,No,Senior,FullTime
U0188,Nurse,Khoa_Ngoai,CN_HN,Nurse,Yes,Mid,FullTime
U0189,Cashier,Phong_TaiChinh,CN_HN,Cashier,No,Senior,FullTime
U0190,Cashier,Phong_TaiChinh,CN_HN,Cashier,No,Senior,FullTime
U0191,Nurse,Khoa_Noi,CN_HN,Nurse,Yes,Mid,FullTime
U0192,Doctor,Khoa_Noi,CN_HN,Doctor,Yes,Junior,FullTime
U0193,Doctor,Khoa_Noi,CN_HCM,Doctor,Yes,Junior,FullTime
U0194,Receptionist,Phong_TiepDon,CN_HN,Receptionist,No,Senior,FullTime
U0195,Nurse,Khoa_Ngoai,CN_HCM,Nurse,Yes,Mid,FullTime
U0196,Receptionist,Phong_TiepDon,CN_HN,Receptionist,No,Junior,FullTime
U0197,HR,Phong_NhanSu,CN_HCM,HR,No,Junior,FullTime
U0198,Nurse,Khoa_Ngoai,CN_HN,Nurse,Yes,Senior,FullTime
U0199,Receptionist,Phong_TiepDon,CN_HCM,Receptionist,No,Mid,FullTime
U0200,HR,Phong_NhanSu,CN_HN,HR,No,Senior,FullTime
U0201,Receptionist,Phong_TiepDon,CN_HN,Receptionist,No,Mid,FullTime
U0202,Nurse,Khoa_Ngoai,CN_HN,Nurse,Yes,Senior,FullTime
U0203,HR,Phong_NhanSu,CN_HN,HR,No,Junior,FullTime
U0204,Nurse,Khoa_Noi,CN_HCM,Nurse,Yes,Senior,FullTime
U0205,HR,Phong_NhanSu,CN_HCM,HR,No,Junior,FullTime
U0206,Doctor,Khoa_Noi,CN_HN,Doctor,Yes,Senior,FullTime
U0207,Doctor,Khoa_Noi,CN_HCM,Doctor,Yes,Mid,FullTime
U0208,Receptionist,Phong_TiepDon,CN_HCM,Receptionist,No,Mid,FullTime
U0209,Cashier,Phong_TaiChinh,CN_HCM,Cashier,No,Mid,FullTime
U0210,Receptionist,Phong_TiepDon,CN_HN,Receptionist,No,Junior,FullTime
U0211,Doctor,Khoa_Ngoai,CN_HN,Doctor,Yes,Mid,FullTime
U0212,Cashier,Phong_TaiChinh,CN_HCM,Cashier,No,Junior,FullTime
U0213,Nurse,Khoa_Noi,CN_HN,Nurse,Yes,Mid,FullTime
U0214,Nurse,Khoa_Noi,CN_HCM,Nurse,Yes,Junior,FullTime
U0215,Receptionist,Phong_TiepDon,CN_HN,Receptionist,No,Senior,FullTime
U0216,Nurse,Khoa_Ngoai,CN_HCM,Nurse,Yes,Senior,FullTime
U0217,Cashier,Phong_TaiChinh,CN_HN,Cashier,No,Junior,FullTime
U0218,Receptionist,Phong_TiepDon,CN_HCM,Receptionist,No,Junior,FullTime
U0219,Doctor,Khoa_Ngoai,CN_HCM,Doctor,Yes,Mid,FullTime
U0220,Doctor,Khoa_Ngoai,CN_HCM,Doctor,Yes,Senior,FullTime
U0221,Cashier,Phong_TaiChinh,CN_HCM,Cashier,No,Senior,FullTime
U0222,Doctor,Khoa_Noi,CN_HN,Doctor,Yes,Senior,FullTime
U0223,Receptionist,Phong_TiepDon,CN_HN,Receptionist,No,Senior,FullTime
U0224,Doctor,Khoa_Noi,CN_HN,Doctor,Yes,Senior,FullTime
U0225,Cashier,Phong_TaiChinh,CN_HCM,Cashier,No,Junior,FullTime
U0226,Receptionist,Phong_TiepDon,CN_HN,Receptionist,No,Senior,FullTime
U0227,Doctor,Khoa_Noi,CN_HCM,Doctor,Yes,Mid,FullTime
U0228,Cashier,Phong_TaiChinh,CN_HCM,Cashier,No,Junior,FullTime
U0229,Cashier,Phong_TaiChinh,CN_HN,Cashier,No,Junior,FullTime
U0230,HR,Phong_NhanSu,CN_HCM,HR,No,Mid,FullTime
U0231,Nurse,Khoa_Ngoai,CN_HCM,Nurse,Yes,Mid,FullTime
U0232,HR,Phong_NhanSu,CN_HN,HR,No,Junior,FullTime
U0233,Receptionist,Phong_TiepDon,CN_HN,Receptionist,No,Mid,FullTime
U0234,Cashier,Phong_TaiChinh,CN_HCM,Cashier,No,Senior,FullTime
U0235,Cashier,Phong_TaiChinh,CN_HCM,Cashier,No,Junior,FullTime
U0236,HR,Phong_NhanSu,CN_HN,HR,No,Mid,FullTime
U0237,Nurse,Khoa_Noi,CN_HCM,Nurse,Yes,Mid,FullTime
U0238,HR,Phong_NhanSu,CN_HN,HR,No,Mid,FullTime
U0239,HR,Phong_NhanSu,CN_HN,HR,No,Junior,FullTime
U0240,Cashier,Phong_TaiChinh,CN_HCM,Cashier,No,Junior,FullTime
U0241,HR,Phong_NhanSu,CN_HN,HR,No,Senior,FullTime
U0242,Receptionist,Phong_TiepDon,CN_HCM,Receptionist,No,Senior,FullTime
U0243,Receptionist,Phong_TiepDon,CN_HN,Receptionist,No,Mid,FullTime
U0244,Receptionist,Phong_TiepDon,CN_HCM,Receptionist,No,Senior,FullTime
U0245,HR,Phong_NhanSu,CN_HN,HR,No,Mid,FullTime
U0246,Receptionist,Phong_TiepDon,CN_HN,Receptionist,No,Junior,FullTime
U0247,Cashier,Phong_TaiChinh,CN_HN,Cashier,No,Junior,FullTime
U0248,Nurse,Khoa_Noi,CN_HN,Nurse,Yes,Junior,FullTime
U0249,HR,Phong_NhanSu,CN_HCM,HR,No,Senior,FullTime
U0250,HR,Phong_NhanSu,CN_HN,HR,No,Junior,FullTime
U0251,Doctor,Khoa_Ngoai,CN_HN,Doctor,Yes,Senior,FullTime
U0252,Cashier,Phong_TaiChinh,CN_HCM,Cashier,No,Senior,FullTime
U0253,HR,Phong_NhanSu,CN_HCM,HR,No,Mid,FullTime
U0254,HR,Phong_NhanSu,CN_HN,HR,No,Senior,FullTime
U0255,Cashier,Phong_TaiChinh,CN_HN,Cashier,No,Mid,FullTime
U0256,Doctor,Khoa_Noi,CN_HN,Doctor,Yes,Senior,FullTime
U0257,Nurse,Khoa_Ngoai,CN_HCM,Nurse,Yes,Junior,FullTime
U0258,Cashier,Phong_TaiChinh,CN_HN,Cashier,No,Mid,FullTime
U0259,Receptionist,Phong_TiepDon,CN_HCM,Receptionist,No,Mid,FullTime
U0260,Doctor,Khoa_Noi,CN_HN,Doctor,Yes,Junior,FullTime
U0261,Cashier,Phong_TaiChinh,CN_HN,Cashier,No,Mid,FullTime
U0262,HR,Phong_NhanSu,CN_HN,HR,No,Senior,FullTime
U0263,HR,Phong_NhanSu,CN_HN,HR,No,Mid,FullTime
U0264,HR,Phong_NhanSu,CN_HN,HR,No,Senior,FullTime
U0265,Doctor,Khoa_Noi,CN_HCM,Doctor,Yes,Senior,FullTime
U0266,Cashier,Phong_TaiChinh,CN_HCM,Cashier,No,Junior,FullTime
U0267,HR,Phong_NhanSu,CN_HCM,HR,No,Mid,FullTime
U0268,Cashier,Phong_TaiChinh,CN_HN,Cashier,No,Senior,FullTime
U0269,Doctor,Khoa_Ngoai,CN_HN,Doctor,Yes,Junior,FullTime
U0270,HR,Phong_NhanSu,CN_HCM,HR,No,Senior,FullTime
U0271,Cashier,Phong_TaiChinh,CN_HN,Cashier,No,Mid,FullTime
U0272,Receptionist,Phong_TiepDon,CN_HN,Receptionist,No,Junior,FullTime
U0273,Cashier,Phong_TaiChinh,CN_HN,Cashier,No,Senior,FullTime
U0274,Doctor,Khoa_Ngoai,CN_HN,Doctor,Yes,Junior,FullTime
U0275,HR,Phong_NhanSu,CN_HCM,HR,No,Mid,FullTime
U0276,Receptionist,Phong_TiepDon,CN_HCM,Receptionist,No,Junior,FullTime
U0277,HR,Phong_NhanSu,CN_HN,HR,No,Senior,FullTime
U0278,Receptionist,Phong_TiepDon,CN_HCM,Receptionist,No,Mid,FullTime
U0279,Receptionist,Phong_TiepDon,CN_HN,Receptionist,No,Senior,FullTime
U0280,Receptionist,Phong_TiepDon,CN_HCM,Receptionist,No,Senior,FullTime
U0281,Doctor,Khoa_Ngoai,CN_HN,Doctor,Yes,Senior,FullTime
U0282,Nurse,Khoa_Noi,CN_HCM,Nurse,Yes,Mid,FullTime
U0283,Nurse,Khoa_Noi,CN_HCM,Nurse,Yes,Mid,FullTime
U0284,Nurse,Khoa_Ngoai,CN_HN,Nurse,Yes,Junior,FullTime
U0285,Nurse,Khoa_Noi,CN_HCM,Nurse,Yes,Junior,FullTime
U0286,Cashier,Phong_TaiChinh,CN_HCM,Cashier,No,Junior,FullTime
U0287,Receptionist,Phong_TiepDon,CN_HCM,Receptionist,No,Mid,FullTime
U0288,HR,Phong_NhanSu,CN_HN,HR,No,Senior,FullTime
U0289,Nurse,Khoa_Ngoai,CN_HN,Nurse,Yes,Mid,FullTime
U0290,Doctor,Khoa_Noi,CN_HN,Doctor,Yes,Senior,FullTime
U0291,Nurse,Khoa_Ngoai,CN_HCM,Nurse,Yes,Mid,FullTime
U0292,Nurse,Khoa_Noi,CN_HCM,Nurse,Yes,Senior,FullTime
U0293,Cashier,Phong_TaiChinh,CN_HN,Cashier,No,Senior,FullTime
U0294,Receptionist,Phong_TiepDon,CN_HN,Receptionist,No,Mid,FullTime
U0295,HR,Phong_NhanSu,CN_HN,HR,No,Junior,FullTime
U0296,Doctor,Khoa_Ngoai,CN_HN,Doctor,Yes,Senior,FullTime
U0297,Cashier,Phong_TaiChinh,CN_HN,Cashier,No,Junior,FullTime
U0298,Doctor,Khoa_Ngoai,CN_HN,Doctor,Yes,Junior,FullTime
U0299,Receptionist,Phong_TiepDon,CN_HN,Receptionist,No,Junior,FullTime
U0300,Nurse,Khoa_Ngoai,CN_HN,Nurse,Yes,Senior,FullTime
U0301,HR,Phong_NhanSu,CN_HN,HR,No,Senior,FullTime
U0302,HR,Phong_NhanSu,CN_HCM,HR,No,Junior,FullTime
U0303,HR,Phong_NhanSu,CN_HCM,HR,No,Mid,FullTime
U0304,Receptionist,Phong_TiepDon,CN_HCM,Receptionist,No,Junior,FullTime
U0305,HR,Phong_NhanSu,CN_HN,HR,No,Junior,FullTime
U0306,Cashier,Phong_TaiChinh,CN_HN,Cashier,No,Junior,FullTime
U0307,Doctor,Khoa_Ngoai,CN_HCM,Doctor,Yes,Mid,FullTime
U0308,Receptionist,Phong_TiepDon,CN_HCM,Receptionist,No,Junior,FullTime
U0309,Cashier,Phong_TaiChinh,CN_HCM,Cashier,No,Mid,FullTime
U0310,Receptionist,Phong_TiepDon,CN_HN,Receptionist,No,Senior,FullTime
U0311,Cashier,Phong_TaiChinh,CN_HCM,Cashier,No,Mid,FullTime
U0312,Nurse,Khoa_Noi,CN_HCM,Nurse,Yes,Junior,FullTime
U0313,Nurse,Khoa_Noi,CN_HCM,Nurse,Yes,Mid,FullTime
U0314,Receptionist,Phong_TiepDon,CN_HN,Receptionist,No,Mid,FullTime
U0315,Doctor,Khoa_Noi,CN_HCM,Doctor,Yes,Junior,FullTime
U0316,HR,Phong_NhanSu,CN_HN,HR,No,Junior,FullTime
U0317,Nurse,Khoa_Ngoai,CN_HCM,Nurse,Yes,Mid,FullTime
U0318,Receptionist,Phong_TiepDon,CN_HN,Receptionist,No,Mid,FullTime
U0319,Nurse,Khoa_Noi,CN_HN,Nurse,Yes,Mid,FullTime
U0320,Receptionist,Phong_TiepDon,CN_HN,Receptionist,No,Junior,FullTime
U0321,Cashier,Phong_TaiChinh,CN_HN,Cashier,No,Junior,FullTime
U0322,Cashier,Phong_TaiChinh,CN_HN,Cashier,No,Mid,FullTime
U0323,Cashier,Phong_TaiChinh,CN_HN,Cashier,No,Mid,FullTime
U0324,Nurse,Khoa_Ngoai,CN_HN,Nurse,Yes,Senior,FullTime
U0325,Receptionist,Phong_TiepDon,CN_HCM,Receptionist,No,Senior,FullTime
U0326,Receptionist,Phong_TiepDon,CN_HN,Receptionist,No,Senior,FullTime
U0327,Doctor,Khoa_Ngoai,CN_HN,Doctor,Yes,Senior,FullTime
U0328,Nurse,Khoa_Ngoai,CN_HCM,Nurse,Yes,Junior,FullTime
U0329,Nurse,Khoa_Ngoai,CN_HCM,Nurse,Yes,Junior,FullTime
U0330,Cashier,Phong_TaiChinh,CN_HN,Cashier,No,Junior,FullTime
U0331,Nurse,Khoa_Ngoai,CN_HCM,Nurse,Yes,Senior,FullTime
U0332,Doctor,Khoa_Noi,CN_HN,Doctor,Yes,Junior,FullTime
U0333,Cashier,Phong_TaiChinh,CN_HN,Cashier,No,Junior,FullTime
U0334,Receptionist,Phong_TiepDon,CN_HCM,Receptionist,No,Junior,FullTime
U0335,Nurse,Khoa_Ngoai,CN_HN,Nurse,Yes,Senior,FullTime
U0336,Doctor,Khoa_Ngoai,CN_HCM,Doctor,Yes,Senior,FullTime
U0337,HR,Phong_NhanSu,CN_HN,HR,No,Mid,FullTime
U0338,HR,Phong_NhanSu,CN_HN,HR,No,Mid,FullTime
U0339,Nurse,Khoa_Ngoai,CN_HCM,Nurse,Yes,Mid,FullTime
U0340,Receptionist,Phong_TiepDon,CN_HN,Receptionist,No,Mid,FullTime
U0341,Receptionist,Phong_TiepDon,CN_HCM,Receptionist,No,Senior,FullTime
U0342,HR,Phong_NhanSu,CN_HN,HR,No,Mid,FullTime
U0343,HR,Phong_NhanSu,CN_HCM,HR,No,Junior,FullTime
U0344,Receptionist,Phong_TiepDon,CN_HN,Receptionist,No,Mid,FullTime
U0345,Nurse,Khoa_Noi,CN_HN,Nurse,Yes,Senior,FullTime
U0346,Doctor,Khoa_Noi,CN_HN,Doctor,Yes,Junior,FullTime
U0347,Cashier,Phong_TaiChinh,CN_HN,Cashier,No,Senior,FullTime
U0348,HR,Phong_NhanSu,CN_HCM,HR,No,Senior,FullTime
U0349,Nurse,Khoa_Ngoai,CN_HN,Nurse,Yes,Senior,FullTime
U0350,HR,Phong_NhanSu,CN_HN,HR,No,Junior,FullTime
U0351,Cashier,Phong_TaiChinh,CN_HN,Cashier,No,Senior,FullTime
U0352,Doctor,Khoa_Ngoai,CN_HN,Doctor,Yes,Senior,FullTime
U0353,HR,Phong_NhanSu,CN_HCM,HR,No,Mid,FullTime
U0354,Cashier,Phong_TaiChinh,CN_HN,Cashier,No,Senior,FullTime
U0355,Nurse,Khoa_Ngoai,CN_HN,Nurse,Yes,Junior,FullTime
U0356,Nurse,Khoa_Ngoai,CN_HCM,Nurse,Yes,Junior,FullTime
U0357,HR,Phong_NhanSu,CN_HN,HR,No,Junior,FullTime
U0358,Receptionist,Phong_TiepDon,CN_HN,Receptionist,No,Junior,FullTime
U0359,Cashier,Phong_TaiChinh,CN_HCM,Cashier,No,Senior,FullTime
U0360,Doctor,Khoa_Noi,CN_HCM,Doctor,Yes,Junior,FullTime
U0361,Receptionist,Phong_TiepDon,CN_HN,Receptionist,No,Mid,FullTime
U0362,Cashier,Phong_TaiChinh,CN_HN,Cashier,No,Senior,FullTime
U0363,HR,Phong_NhanSu,CN_HCM,HR,No,Junior,FullTime
U0364,HR,Phong_NhanSu,CN_HCM,HR,No,Senior,FullTime
U0365,Receptionist,Phong_TiepDon,CN_HN,Receptionist,No,Junior,FullTime
U0366,Doctor,Khoa_Noi,CN_HCM,Doctor,Yes,Junior,FullTime
U0367,Cashier,Phong_TaiChinh,CN_HCM,Cashier,No,Mid,FullTime
U0368,Cashier,Phong_TaiChinh,CN_HN,Cashier,No,Senior,FullTime
U0369,Cashier,Phong_TaiChinh,CN_HCM,Cashier,No,Junior,FullTime
U0370,HR,Phong_NhanSu,CN_HN,HR,No,Senior,FullTime
U0371,Doctor,Khoa_Noi,CN_HCM,Doctor,Yes,Junior,FullTime
U0372,Cashier,Phong_TaiChinh,CN_HN,Cashier,No,Junior,FullTime
U0373,Doctor,Khoa_Noi,CN_HCM,Doctor,Yes,Senior,FullTime
U0374,HR,Phong_NhanSu,CN_HCM,HR,No,Junior,FullTime
U0375,Cashier,Phong_TaiChinh,CN_HN,Cashier,No,Senior,FullTime
U0376,Cashier,Phong_TaiChinh,CN_HCM,Cashier,No,Junior,FullTime
U0377,HR,Phong_NhanSu,CN_HCM,HR,No,Junior,FullTime
U0378,Nurse,Khoa_Noi,CN_HCM,Nurse,Yes,Senior,FullTime
U0379,Doctor,Khoa_Ngoai,CN_HCM,Doctor,Yes,Mid,FullTime
U0380,Cashier,Phong_TaiChinh,CN_HN,Cashier,No,Mid,FullTime
U0381,HR,Phong_NhanSu,CN_HCM,HR,No,Mid,FullTime
U0382,Cashier,Phong_TaiChinh,CN_HCM,Cashier,No,Senior,FullTime
U0383,Doctor,Khoa_Noi,CN_HN,Doctor,Yes,Junior,FullTime
U0384,Doctor,Khoa_Noi,CN_HCM,Doctor,Yes,Mid,FullTime
U0385,HR,Phong_NhanSu,CN_HN,HR,No,Senior,FullTime
U0386,Receptionist,Phong_TiepDon,CN_HN,Receptionist,No,Mid,FullTime
U0387,Nurse,Khoa_Noi,CN_HN,Nurse,Yes,Mid,FullTime
U0388,Receptionist,Phong_TiepDon,CN_HN,Receptionist,No,Mid,FullTime
U0389,HR,Phong_NhanSu,CN_HN,HR,No,Senior,FullTime
U0390,Receptionist,Phong_TiepDon,CN_HCM,Receptionist,No,Mid,FullTime
U0391,Doctor,Khoa_Noi,CN_HCM,Doctor,Yes,Junior,FullTime
U0392,Cashier,Phong_TaiChinh,CN_HCM,Cashier,No,Mid,FullTime
U0393,Receptionist,Phong_TiepDon,CN_HCM,Receptionist,No,Junior,FullTime
U0394,Doctor,Khoa_Noi,CN_HCM,Doctor,Yes,Mid,FullTime
U0395,HR,Phong_NhanSu,CN_HCM,HR,No,Mid,FullTime
U0396,Nurse,Khoa_Noi,CN_HCM,Nurse,Yes,Junior,FullTime
U0397,Doctor,Khoa_Noi,CN_HN,Doctor,Yes,Mid,FullTime
U0398,Nurse,Khoa_Ngoai,CN_HN,Nurse,Yes,Senior,FullTime
U0399,Receptionist,Phong_TiepDon,CN_HN,Receptionist,No,Senior,FullTime
U0400,Receptionist,Phong_TiepDon,CN_HN,Receptionist,No,Junior,FullTime
U0401,Doctor,Khoa_Noi,CN_HCM,Doctor,Yes,Senior,FullTime
U0402,HR,Phong_NhanSu,CN_HN,HR,No,Mid,FullTime
U0403,Doctor,Khoa_Noi,CN_HN,Doctor,Yes,Senior,FullTime
U0404,Doctor,Khoa_Noi,CN_HCM,Doctor,Yes,Junior,FullTime
U0405,Nurse,Khoa_Ngoai,CN_HCM,Nurse,Yes,Junior,FullTime
U0406,Cashier,Phong_TaiChinh,CN_HN,Cashier,No,Senior,FullTime
U0407,Cashier,Phong_TaiChinh,CN_HCM,Cashier,No,Mid,FullTime
U0408,Doctor,Khoa_Ngoai,CN_HN,Doctor,Yes,Senior,FullTime
U0409,Receptionist,Phong_TiepDon,CN_HN,Receptionist,No,Mid,FullTime
U0410,Receptionist,Phong_TiepDon,CN_HN,Receptionist,No,Junior,FullTime
U0411,Doctor,Khoa_Ngoai,CN_HCM,Doctor,Yes,Senior,FullTime
U0412,Receptionist,Phong_TiepDon,CN_HCM,Receptionist,No,Junior,FullTime
U0413,Cashier,Phong_TaiChinh,CN_HN,Cashier,No,Mid,FullTime
U0414,HR,Phong_NhanSu,CN_HCM,HR,No,Mid,FullTime
U0415,Cashier,Phong_TaiChinh,CN_HCM,Cashier,No,Mid,FullTime
U0416,Doctor,Khoa_Noi,CN_HCM,Doctor,Yes,Senior,FullTime
U0417,HR,Phong_NhanSu,CN_HCM,HR,No,Junior,FullTime
U0418,HR,Phong_NhanSu,CN_HCM,HR,No,Junior,FullTime
U0419,Doctor,Khoa_Ngoai,CN_HN,Doctor,Yes,Mid,FullTime
U0420,Receptionist,Phong_TiepDon,CN_HCM,Receptionist,No,Mid,FullTime
U0421,Receptionist,Phong_TiepDon,CN_HN,Receptionist,No,Junior,FullTime
U0422,Cashier,Phong_TaiChinh,CN_HCM,Cashier,No,Junior,FullTime
U0423,Cashier,Phong_TaiChinh,CN_HCM,Cashier,No,Mid,FullTime
U0424,Doctor,Khoa_Ngoai,CN_HCM,Doctor,Yes,Mid,FullTime
U0425,Nurse,Khoa_Ngoai,CN_HCM,Nurse,Yes,Junior,FullTime
U0426,Nurse,Khoa_Ngoai,CN_HCM,Nurse,Yes,Junior,FullTime
U0427,Nurse,Khoa_Noi,CN_HN,Nurse,Yes,Junior,FullTime
U0428,Doctor,Khoa_Noi,CN_HCM,Doctor,Yes,Mid,FullTime
U0429,Doctor,Khoa_Ngoai,CN_HCM,Doctor,Yes,Senior,FullTime
U0430,Receptionist,Phong_TiepDon,CN_HCM,Receptionist,No,Junior,FullTime
U0431,HR,Phong_NhanSu,CN_HCM,HR,No,Mid,FullTime
U0432,HR,Phong_NhanSu,CN_HN,HR,No,Senior,FullTime
U0433,HR,Phong_NhanSu,CN_HCM,HR,No,Junior,FullTime
U0434,Nurse,Khoa_Noi,CN_HN,Nurse,Yes,Junior,FullTime
U0435,Nurse,Khoa_Noi,CN_HN,Nurse,Yes,Mid,FullTime
U0436,Nurse,Khoa_Ngoai,CN_HCM,Nurse,Yes,Junior,FullTime
U0437,Doctor,Khoa_Ngoai,CN_HN,Doctor,Yes,Junior,FullTime
U0438,Nurse,Khoa_Noi,CN_HN,Nurse,Yes,Senior,FullTime
U0439,Nurse,Khoa_Noi,CN_HN,Nurse,Yes,Senior,FullTime
U0440,Nurse,Khoa_Ngoai,CN_HN,Nurse,Yes,Senior,FullTime
U0441,HR,Phong_NhanSu,CN_HCM,HR,No,Senior,FullTime
U0442,HR,Phong_NhanSu,CN_HN,HR,No,Mid,FullTime
U0443,Doctor,Khoa_Noi,CN_HN,Doctor,Yes,Mid,FullTime
U0444,Doctor,Khoa_Ngoai,CN_HN,Doctor,Yes,Senior,FullTime
U0445,Nurse,Khoa_Noi,CN_HCM,Nurse,Yes,Senior,FullTime
U0446,Nurse,Khoa_Ngoai,CN_HCM,Nurse,Yes,Mid,FullTime
U0447,Doctor,Khoa_Noi,CN_HCM,Doctor,Yes,Junior,FullTime
U0448,Cashier,Phong_TaiChinh,CN_HCM,Cashier,No,Junior,FullTime
U0449,Cashier,Phong_TaiChinh,CN_HN,Cashier,No,Junior,FullTime
U0450,Cashier,Phong_TaiChinh,CN_HN,Cashier,No,Junior,FullTime
U0451,Receptionist,Phong_TiepDon,CN_HN,Receptionist,No,Junior,FullTime
U0452,Receptionist,Phong_TiepDon,CN_HCM,Receptionist,No,Mid,FullTime
U0453,Receptionist,Phong_TiepDon,CN_HCM,Receptionist,No,Mid,FullTime
U0454,Receptionist,Phong_TiepDon,CN_HN,Receptionist,No,Junior,FullTime
U0455,Cashier,Phong_TaiChinh,CN_HN,Cashier,No,Mid,FullTime
U0456,Doctor,Khoa_Noi,CN_HN,Doctor,Yes,Senior,FullTime
U0457,Doctor,Khoa_Noi,CN_HN,Doctor,Yes,Junior,FullTime
U0458,Nurse,Khoa_Noi,CN_HN,Nurse,Yes,Junior,FullTime
U0459,Receptionist,Phong_TiepDon,CN_HN,Receptionist,No,Mid,FullTime
U0460,Doctor,Khoa_Noi,CN_HN,Doctor,Yes,Junior,FullTime
U0461,Doctor,Khoa_Ngoai,CN_HN,Doctor,Yes,Mid,FullTime
U0462,HR,Phong_NhanSu,CN_HN,HR,No,Mid,FullTime
U0463,Doctor,Khoa_Ngoai,CN_HCM,Doctor,Yes,Junior,FullTime
U0464,HR,Phong_NhanSu,CN_HN,HR,No,Mid,FullTime
U0465,HR,Phong_NhanSu,CN_HCM,HR,No,Junior,FullTime
U0466,Receptionist,Phong_TiepDon,CN_HCM,Receptionist,No,Junior,FullTime
U0467,Cashier,Phong_TaiChinh,CN_HCM,Cashier,No,Senior,FullTime
U0468,Nurse,Khoa_Noi,CN_HN,Nurse,Yes,Junior,FullTime
U0469,Nurse,Khoa_Ngoai,CN_HN,Nurse,Yes,Senior,FullTime
U0470,Cashier,Phong_TaiChinh,CN_HCM,Cashier,No,Junior,FullTime
U0471,Doctor,Khoa_Noi,CN_HCM,Doctor,Yes,Senior,FullTime
U0472,Receptionist,Phong_TiepDon,CN_HN,Receptionist,No,Junior,FullTime
U0473,HR,Phong_NhanSu,CN_HCM,HR,No,Junior,FullTime
U0474,Receptionist,Phong_TiepDon,CN_HN,Receptionist,No,Mid,FullTime
U0475,Receptionist,Phong_TiepDon,CN_HN,Receptionist,No,Senior,FullTime
U0476,Cashier,Phong_TaiChinh,CN_HCM,Cashier,No,Mid,FullTime
U0477,HR,Phong_NhanSu,CN_HN,HR,No,Junior,FullTime
U0478,Nurse,Khoa_Noi,CN_HCM,Nurse,Yes,Mid,FullTime
U0479,Receptionist,Phong_TiepDon,CN_HCM,Receptionist,No,Senior,FullTime
U0480,Cashier,Phong_TaiChinh,CN_HN,Cashier,No,Mid,FullTime
U0481,Doctor,Khoa_Ngoai,CN_HCM,Doctor,Yes,Junior,FullTime
U0482,Cashier,Phong_TaiChinh,CN_HCM,Cashier,No,Senior,FullTime
U0483,Cashier,Phong_TaiChinh,CN_HN,Cashier,No,Mid,FullTime
U0484,Cashier,Phong_TaiChinh,CN_HCM,Cashier,No,Senior,FullTime
U0485,Cashier,Phong_TaiChinh,CN_HCM,Cashier,No,Junior,FullTime
U0486,Doctor,Khoa_Noi,CN_HCM,Doctor,Yes,Senior,FullTime
U0487,Receptionist,Phong_TiepDon,CN_HCM,Receptionist,No,Mid,FullTime
U0488,Nurse,Khoa_Ngoai,CN_HN,Nurse,Yes,Senior,FullTime
U0489,Receptionist,Phong_TiepDon,CN_HN,Receptionist,No,Junior,FullTime
U0490,Doctor,Khoa_Ngoai,CN_HCM,Doctor,Yes,Senior,FullTime
U0491,Cashier,Phong_TaiChinh,CN_HN,Cashier,No,Senior,FullTime
U0492,Receptionist,Phong_TiepDon,CN_HCM,Receptionist,No,Junior,FullTime
U0493,Nurse,Khoa_Noi,CN_HCM,Nurse,Yes,Junior,FullTime
U0494,HR,Phong_NhanSu,CN_HN,HR,No,Senior,FullTime
U0495,Doctor,Khoa_Ngoai,CN_HCM,Doctor,Yes,Senior,FullTime
U0496,HR,Phong_NhanSu,CN_HN,HR,No,Junior,FullTime
U0497,HR,Phong_NhanSu,CN_HCM,HR,No,Mid,FullTime
U0498,Cashier,Phong_TaiChinh,CN_HN,Cashier,No,Mid,FullTime
U0499,Doctor,Khoa_Ngoai,CN_HN,Doctor,Yes,Senior,FullTime
U0500,Doctor,Khoa_Ngoai,CN_HCM,Doctor,Yes,Senior,FullTime
U0501,HR,Phong_NhanSu,CN_HN,HR,No,Mid,FullTime
U0502,Receptionist,Phong_TiepDon,CN_HCM,Receptionist,No,Mid,FullTime
U0503,Receptionist,Phong_TiepDon,CN_HN,Receptionist,No,Mid,FullTime
U0504,Doctor,Khoa_Noi,CN_HN,Doctor,Yes,Senior,FullTime
U0505,HR,Phong_NhanSu,CN_HCM,HR,No,Mid,FullTime
U0506,HR,Phong_NhanSu,CN_HN,HR,No,Mid,FullTime
U0507,Doctor,Khoa_Ngoai,CN_HN,Doctor,Yes,Junior,FullTime
U0508,Doctor,Khoa_Ngoai,CN_HN,Doctor,Yes,Mid,FullTime
U0509,Cashier,Phong_TaiChinh,CN_HN,Cashier,No,Mid,FullTime
U0510,Cashier,Phong_TaiChinh,CN_HN,Cashier,No,Senior,FullTime
U0511,Nurse,Khoa_Noi,CN_HCM,Nurse,Yes,Mid,FullTime
U0512,Doctor,Khoa_Ngoai,CN_HCM,Doctor,Yes,Mid,FullTime
U0513,Cashier,Phong_TaiChinh,CN_HN,Cashier,No,Senior,FullTime
U0514,Doctor,Khoa_Noi,CN_HCM,Doctor,Yes,Senior,FullTime
U0515,Cashier,Phong_TaiChinh,CN_HCM,Cashier,No,Senior,FullTime
U0516,Doctor,Khoa_Ngoai,CN_HCM,Doctor,Yes,Senior,FullTime
U0517,Nurse,Khoa_Ngoai,CN_HN,Nurse,Yes,Mid,FullTime
U0518,HR,Phong_NhanSu,CN_HCM,HR,No,Senior,FullTime
U0519,HR,Phong_NhanSu,CN_HCM,HR,No,Junior,FullTime
U0520,Doctor,Khoa_Ngoai,CN_HN,Doctor,Yes,Junior,FullTime
U0521,Doctor,Khoa_Noi,CN_HCM,Doctor,Yes,Mid,FullTime
U0522,HR,Phong_NhanSu,CN_HCM,HR,No,Junior,FullTime
U0523,Nurse,Khoa_Ngoai,CN_HCM,Nurse,Yes,Senior,FullTime
U0524,Nurse,Khoa_Noi,CN_HN,Nurse,Yes,Junior,FullTime
U0525,Doctor,Khoa_Noi,CN_HN,Doctor,Yes,Mid,FullTime
U0526,Cashier,Phong_TaiChinh,CN_HCM,Cashier,No,Mid,FullTime
U0527,Cashier,Phong_TaiChinh,CN_HCM,Cashier,No,Mid,FullTime
U0528,Cashier,Phong_TaiChinh,CN_HN,Cashier,No,Junior,FullTime
U0529,HR,Phong_NhanSu,CN_HCM,HR,No,Mid,FullTime
U0530,HR,Phong_NhanSu,CN_HCM,HR,No,Senior,FullTime
U0531,Doctor,Khoa_Ngoai,CN_HN,Doctor,Yes,Junior,FullTime
U0532,HR,Phong_NhanSu,CN_HN,HR,No,Senior,FullTime
U0533,Cashier,Phong_TaiChinh,CN_HN,Cashier,No,Senior,FullTime
U0534,Receptionist,Phong_TiepDon,CN_HCM,Receptionist,No,Junior,FullTime
U0535,HR,Phong_NhanSu,CN_HN,HR,No,Senior,FullTime
U0536,Doctor,Khoa_Ngoai,CN_HCM,Doctor,Yes,Junior,FullTime
U0537,Nurse,Khoa_Noi,CN_HCM,Nurse,Yes,Mid,FullTime
U0538,Doctor,Khoa_Noi,CN_HN,Doctor,Yes,Senior,FullTime
U0539,HR,Phong_NhanSu,CN_HCM,HR,No,Senior,FullTime
U0540,Cashier,Phong_TaiChinh,CN_HN,Cashier,No,Mid,FullTime
U0541,Nurse,Khoa_Noi,CN_HN,Nurse,Yes,Senior,FullTime
U0542,Receptionist,Phong_TiepDon,CN_HCM,Receptionist,No,Senior,FullTime
U0543,Receptionist,Phong_TiepDon,CN_HCM,Receptionist,No,Senior,FullTime
U0544,HR,Phong_NhanSu,CN_HN,HR,No,Senior,FullTime
U0545,Cashier,Phong_TaiChinh,CN_HCM,Cashier,No,Mid,FullTime
U0546,HR,Phong_NhanSu,CN_HN,HR,No,Senior,FullTime
U0547,Receptionist,Phong_TiepDon,CN_HCM,Receptionist,No,Junior,FullTime
U0548,HR,Phong_NhanSu,CN_HN,HR,No,Mid,FullTime
U0549,Receptionist,Phong_TiepDon,CN_HN,Receptionist,No,Senior,FullTime
U0550,Doctor,Khoa_Ngoai,CN_HN,Doctor,Yes,Junior,FullTime
U0551,Cashier,Phong_TaiChinh,CN_HCM,Cashier,No,Junior,FullTime
U0552,Doctor,Khoa_Ngoai,CN_HN,Doctor,Yes,Mid,FullTime
U0553,Cashier,Phong_TaiChinh,CN_HN,Cashier,No,Senior,FullTime
U0554,Cashier,Phong_TaiChinh,CN_HCM,Cashier,No,Mid,FullTime
U0555,Nurse,Khoa_Ngoai,CN_HCM,Nurse,Yes,Mid,FullTime
U0556,HR,Phong_NhanSu,CN_HCM,HR,No,Senior,FullTime
U0557,Nurse,Khoa_Noi,CN_HCM,Nurse,Yes,Mid,FullTime
U0558,Cashier,Phong_TaiChinh,CN_HCM,Cashier,No,Junior,FullTime
U0559,Cashier,Phong_TaiChinh,CN_HN,Cashier,No,Mid,FullTime
U0560,Receptionist,Phong_TiepDon,CN_HCM,Receptionist,No,Senior,FullTime
U0561,Nurse,Khoa_Ngoai,CN_HN,Nurse,Yes,Senior,FullTime
U0562,Cashier,Phong_TaiChinh,CN_HCM,Cashier,No,Junior,FullTime
U0563,Receptionist,Phong_TiepDon,CN_HN,Receptionist,No,Mid,FullTime
U0564,Nurse,Khoa_Noi,CN_HN,Nurse,Yes,Senior,FullTime
U0565,HR,Phong_NhanSu,CN_HCM,HR,No,Junior,FullTime
U0566,Cashier,Phong_TaiChinh,CN_HN,Cashier,No,Senior,FullTime
U0567,Cashier,Phong_TaiChinh,CN_HN,Cashier,No,Junior,FullTime
U0568,Receptionist,Phong_TiepDon,CN_HCM,Receptionist,No,Junior,FullTime
U0569,Doctor,Khoa_Noi,CN_HN,Doctor,Yes,Senior,FullTime
U0570,Cashier,Phong_TaiChinh,CN_HCM,Cashier,No,Junior,FullTime
U0571,Doctor,Khoa_Noi,CN_HN,Doctor,Yes,Mid,FullTime
U0572,HR,Phong_NhanSu,CN_HCM,HR,No,Senior,FullTime
U0573,HR,Phong_NhanSu,CN_HCM,HR,No,Mid,FullTime
U0574,Doctor,Khoa_Ngoai,CN_HCM,Doctor,Yes,Senior,FullTime
U0575,Cashier,Phong_TaiChinh,CN_HCM,Cashier,No,Senior,FullTime
U0576,Nurse,Khoa_Noi,CN_HN,Nurse,Yes,Mid,FullTime
U0577,Receptionist,Phong_TiepDon,CN_HN,Receptionist,No,Mid,FullTime
U0578,Cashier,Phong_TaiChinh,CN_HN,Cashier,No,Junior,FullTime
U0579,HR,Phong_NhanSu,CN_HCM,HR,No,Mid,FullTime
U0580,Nurse,Khoa_Ngoai,CN_HN,Nurse,Yes,Mid,FullTime
U0581,Cashier,Phong_TaiChinh,CN_HN,Cashier,No,Senior,FullTime
U0582,HR,Phong_NhanSu,CN_HN,HR,No,Junior,FullTime
U0583,Doctor,Khoa_Ngoai,CN_HCM,Doctor,Yes,Mid,FullTime
U0584,Cashier,Phong_TaiChinh,CN_HN,Cashier,No,Junior,FullTime
U0585,Doctor,Khoa_Ngoai,CN_HN,Doctor,Yes,Mid,FullTime
U0586,Receptionist,Phong_TiepDon,CN_HN,Receptionist,No,Mid,FullTime
U0587,Nurse,Khoa_Ngoai,CN_HCM,Nurse,Yes,Senior,FullTime
U0588,Doctor,Khoa_Noi,CN_HCM,Doctor,Yes,Junior,FullTime
U0589,Nurse,Khoa_Ngoai,CN_HCM,Nurse,Yes,Mid,FullTime
U0590,Nurse,Khoa_Ngoai,CN_HN,Nurse,Yes,Mid,FullTime
U0591,Receptionist,Phong_TiepDon,CN_HN,Receptionist,No,Senior,FullTime
U0592,Cashier,Phong_TaiChinh,CN_HCM,Cashier,No,Junior,FullTime
U0593,Doctor,Khoa_Noi,CN_HCM,Doctor,Yes,Junior,FullTime
U0594,Doctor,Khoa_Noi,CN_HN,Doctor,Yes,Mid,FullTime
U0595,Nurse,Khoa_Noi,CN_HN,Nurse,Yes,Mid,FullTime
U0596,HR,Phong_NhanSu,CN_HN,HR,No,Junior,FullTime
U0597,Doctor,Khoa_Ngoai,CN_HN,Doctor,Yes,Junior,FullTime
U0598,Cashier,Phong_TaiChinh,CN_HCM,Cashier,No,Mid,FullTime
U0599,HR,Phong_NhanSu,CN_HN,HR,No,Junior,FullTime
U0600,Receptionist,Phong_TiepDon,CN_HCM,Receptionist,No,Junior,FullTime
U0601,Nurse,Khoa_Ngoai,CN_HN,Nurse,Yes,Junior,FullTime
U0602,Receptionist,Phong_TiepDon,CN_HN,Receptionist,No,Senior,FullTime
U0603,Doctor,Khoa_Ngoai,CN_HCM,Doctor,Yes,Mid,FullTime
U0604,Receptionist,Phong_TiepDon,CN_HN,Receptionist,No,Mid,FullTime
U0605,Nurse,Khoa_Ngoai,CN_HCM,Nurse,Yes,Senior,FullTime
U0606,HR,Phong_NhanSu,CN_HN,HR,No,Senior,FullTime
U0607,HR,Phong_NhanSu,CN_HN,HR,No,Mid,FullTime
U0608,Cashier,Phong_TaiChinh,CN_HCM,Cashier,No,Mid,FullTime
U0609,Nurse,Khoa_Ngoai,CN_HCM,Nurse,Yes,Senior,FullTime
U0610,Cashier,Phong_TaiChinh,CN_HN,Cashier,No,Junior,FullTime
U0611,Cashier,Phong_TaiChinh,CN_HN,Cashier,No,Senior,FullTime
U0612,Doctor,Khoa_Noi,CN_HN,Doctor,Yes,Mid,FullTime
U0613,Doctor,Khoa_Ngoai,CN_HN,Doctor,Yes,Junior,FullTime
U0614,HR,Phong_NhanSu,CN_HCM,HR,No,Senior,FullTime
U0615,Receptionist,Phong_TiepDon,CN_HN,Receptionist,No,Junior,FullTime
U0616,Receptionist,Phong_TiepDon,CN_HN,Receptionist,No,Junior,FullTime
U0617,Nurse,Khoa_Noi,CN_HCM,Nurse,Yes,Mid,FullTime
U0618,Receptionist,Phong_TiepDon,CN_HN,Receptionist,No,Senior,FullTime
U0619,Doctor,Khoa_Ngoai,CN_HCM,Doctor,Yes,Mid,FullTime
U0620,Cashier,Phong_TaiChinh,CN_HN,Cashier,No,Senior,FullTime
U0621,Nurse,Khoa_Noi,CN_HN,Nurse,Yes,Junior,FullTime
U0622,Cashier,Phong_TaiChinh,CN_HN,Cashier,No,Mid,FullTime
U0623,Doctor,Khoa_Ngoai,CN_HCM,Doctor,Yes,Junior,FullTime
U0624,Nurse,Khoa_Ngoai,CN_HCM,Nurse,Yes,Junior,FullTime
U0625,Nurse,Khoa_Noi,CN_HN,Nurse,Yes,Senior,FullTime
U0626,Nurse,Khoa_Ngoai,CN_HN,Nurse,Yes,Mid,FullTime
U0627,HR,Phong_NhanSu,CN_HN,HR,No,Mid,FullTime
U0628,Receptionist,Phong_TiepDon,CN_HCM,Receptionist,No,Mid,FullTime
U0629,Cashier,Phong_TaiChinh,CN_HN,Cashier,No,Senior,FullTime
U0630,Doctor,Khoa_Ngoai,CN_HN,Doctor,Yes,Mid,FullTime
U0631,Cashier,Phong_TaiChinh,CN_HCM,Cashier,No,Senior,FullTime
U0632,Doctor,Khoa_Noi,CN_HN,Doctor,Yes,Senior,FullTime
U0633,HR,Phong_NhanSu,CN_HCM,HR,No,Junior,FullTime
U0634,Doctor,Khoa_Noi,CN_HCM,Doctor,Yes,Junior,FullTime
U0635,Nurse,Khoa_Noi,CN_HCM,Nurse,Yes,Mid,FullTime
U0636,Doctor,Khoa_Ngoai,CN_HN,Doctor,Yes,Junior,FullTime
U0637,HR,Phong_NhanSu,CN_HCM,HR,No,Mid,FullTime
U0638,Receptionist,Phong_TiepDon,CN_HCM,Receptionist,No,Mid,FullTime
U0639,Cashier,Phong_TaiChinh,CN_HCM,Cashier,No,Junior,FullTime
U0640,Cashier,Phong_TaiChinh,CN_HCM,Cashier,No,Senior,FullTime
U0641,Nurse,Khoa_Noi,CN_HCM,Nurse,Yes,Junior,FullTime
U0642,Doctor,Khoa_Noi,CN_HCM,Doctor,Yes,Junior,FullTime
U0643,HR,Phong_NhanSu,CN_HCM,HR,No,Senior,FullTime
U0644,Doctor,Khoa_Noi,CN_HCM,Doctor,Yes,Mid,FullTime
U0645,Cashier,Phong_TaiChinh,CN_HN,Cashier,No,Mid,FullTime
U0646,Doctor,Khoa_Ngoai,CN_HN,Doctor,Yes,Junior,FullTime
U0647,Doctor,Khoa_Ngoai,CN_HN,Doctor,Yes,Senior,FullTime
U0648,HR,Phong_NhanSu,CN_HN,HR,No,Junior,FullTime
U0649,Cashier,Phong_TaiChinh,CN_HCM,Cashier,No,Mid,FullTime
U0650,HR,Phong_NhanSu,CN_HN,HR,No,Mid,FullTime
U0651,Nurse,Khoa_Ngoai,CN_HCM,Nurse,Yes,Senior,FullTime
U0652,Doctor,Khoa_Ngoai,CN_HN,Doctor,Yes,Senior,FullTime
U0653,HR,Phong_NhanSu,CN_HCM,HR,No,Senior,FullTime
U0654,Receptionist,Phong_TiepDon,CN_HCM,Receptionist,No,Senior,FullTime
U0655,HR,Phong_NhanSu,CN_HN,HR,No,Mid,FullTime
U0656,Nurse,Khoa_Noi,CN_HN,Nurse,Yes,Mid,FullTime
U0657,Doctor,Khoa_Noi,CN_HN,Doctor,Yes,Senior,FullTime
U0658,Cashier,Phong_TaiChinh,CN_HN,Cashier,No,Junior,FullTime
U0659,Nurse,Khoa_Noi,CN_HN,Nurse,Yes,Junior,FullTime
U0660,HR,Phong_NhanSu,CN_HCM,HR,No,Mid,FullTime
U0661,Doctor,Khoa_Noi,CN_HCM,Doctor,Yes,Junior,FullTime
U0662,Doctor,Khoa_Noi,CN_HCM,Doctor,Yes,Mid,FullTime
U0663,Doctor,Khoa_Noi,CN_HCM,Doctor,Yes,Senior,FullTime
U0664,Nurse,Khoa_Ngoai,CN_HCM,Nurse,Yes,Junior,FullTime
U0665,Doctor,Khoa_Ngoai,CN_HN,Doctor,Yes,Senior,FullTime
U0666,Nurse,Khoa_Noi,CN_HN,Nurse,Yes,Mid,FullTime
U0667,Nurse,Khoa_Noi,CN_HCM,Nurse,Yes,Mid,FullTime
U0668,Nurse,Khoa_Ngoai,CN_HCM,Nurse,Yes,Junior,FullTime
U0669,Nurse,Khoa_Noi,CN_HN,Nurse,Yes,Mid,FullTime
U0670,Cashier,Phong_TaiChinh,CN_HN,Cashier,No,Junior,FullTime
U0671,Receptionist,Phong_TiepDon,CN_HN,Receptionist,No,Junior,FullTime
U0672,Cashier,Phong_TaiChinh,CN_HCM,Cashier,No,Mid,FullTime
U0673,Doctor,Khoa_Noi,CN_HN,Doctor,Yes,Mid,FullTime
U0674,Nurse,Khoa_Ngoai,CN_HN,Nurse,Yes,Junior,FullTime
U0675,Cashier,Phong_TaiChinh,CN_HCM,Cashier,No,Senior,FullTime
U0676,Doctor,Khoa_Noi,CN_HCM,Doctor,Yes,Mid,FullTime
U0677,Cashier,Phong_TaiChinh,CN_HCM,Cashier,No,Mid,FullTime
U0678,Doctor,Khoa_Ngoai,CN_HCM,Doctor,Yes,Junior,FullTime
U0679,Doctor,Khoa_Ngoai,CN_HCM,Doctor,Yes,Senior,FullTime
U0680,Nurse,Khoa_Noi,CN_HCM,Nurse,Yes,Junior,FullTime
U0681,Doctor,Khoa_Noi,CN_HN,Doctor,Yes,Mid,FullTime
U0682,Cashier,Phong_TaiChinh,CN_HN,Cashier,No,Junior,FullTime
U0683,Cashier,Phong_TaiChinh,CN_HCM,Cashier,No,Junior,FullTime
U0684,Receptionist,Phong_TiepDon,CN_HCM,Receptionist,No,Mid,FullTime
U0685,Cashier,Phong_TaiChinh,CN_HN,Cashier,No,Senior,FullTime
U0686,Cashier,Phong_TaiChinh,CN_HN,Cashier,No,Junior,FullTime
U0687,HR,Phong_NhanSu,CN_HN,HR,No,Mid,FullTime
U0688,Receptionist,Phong_TiepDon,CN_HN,Receptionist,No,Mid,FullTime
U0689,Cashier,Phong_TaiChinh,CN_HCM,Cashier,No,Junior,FullTime
U0690,HR,Phong_NhanSu,CN_HN,HR,No,Senior,FullTime
U0691,Doctor,Khoa_Noi,CN_HN,Doctor,Yes,Senior,FullTime
U0692,Nurse,Khoa_Ngoai,CN_HN,Nurse,Yes,Junior,FullTime
U0693,Doctor,Khoa_Ngoai,CN_HN,Doctor,Yes,Junior,FullTime
U0694,HR,Phong_NhanSu,CN_HCM,HR,No,Junior,FullTime
U0695,Cashier,Phong_TaiChinh,CN_HCM,Cashier,No,Senior,FullTime
U0696,Doctor,Khoa_Ngoai,CN_HCM,Doctor,Yes,Senior,FullTime
U0697,Doctor,Khoa_Noi,CN_HCM,Doctor,Yes,Junior,FullTime
U0698,Receptionist,Phong_TiepDon,CN_HN,Receptionist,No,Mid,FullTime
U0699,Nurse,Khoa_Ngoai,CN_HN,Nurse,Yes,Junior,FullTime
U0700,Cashier,Phong_TaiChinh,CN_HCM,Cashier,No,Mid,FullTime
U0701,Nurse,Khoa_Noi,CN_HN,Nurse,Yes,Senior,FullTime
U0702,Nurse,Khoa_Ngoai,CN_HN,Nurse,Yes,Mid,FullTime
U0703,Receptionist,Phong_TiepDon,CN_HN,Receptionist,No,Junior,FullTime
U0704,Doctor,Khoa_Ngoai,CN_HN,Doctor,Yes,Mid,FullTime
U0705,HR,Phong_NhanSu,CN_HN,HR,No,Junior,FullTime
U0706,Doctor,Khoa_Noi,CN_HCM,Doctor,Yes,Mid,FullTime
U0707,HR,Phong_NhanSu,CN_HN,HR,No,Junior,FullTime
U0708,Receptionist,Phong_TiepDon,CN_HN,Receptionist,No,Senior,FullTime
U0709,Nurse,Khoa_Ngoai,CN_HCM,Nurse,Yes,Junior,FullTime
U0710,Doctor,Khoa_Noi,CN_HN,Doctor,Yes,Senior,FullTime
U0711,Doctor,Khoa_Noi,CN_HCM,Doctor,Yes,Junior,FullTime
U0712,Nurse,Khoa_Noi,CN_HCM,Nurse,Yes,Senior,FullTime
U0713,HR,Phong_NhanSu,CN_HN,HR,No,Mid,FullTime
U0714,Nurse,Khoa_Noi,CN_HCM,Nurse,Yes,Senior,FullTime
U0715,Doctor,Khoa_Noi,CN_HN,Doctor,Yes,Junior,FullTime
U0716,Doctor,Khoa_Ngoai,CN_HCM,Doctor,Yes,Junior,FullTime
U0717,HR,Phong_NhanSu,CN_HCM,HR,No,Junior,FullTime
U0718,Nurse,Khoa_Ngoai,CN_HCM,Nurse,Yes,Mid,FullTime
U0719,Receptionist,Phong_TiepDon,CN_HCM,Receptionist,No,Junior,FullTime
U0720,Receptionist,Phong_TiepDon,CN_HN,Receptionist,No,Junior,FullTime
U0721,Cashier,Phong_TaiChinh,CN_HN,Cashier,No,Mid,FullTime
U0722,Doctor,Khoa_Noi,CN_HCM,Doctor,Yes,Mid,FullTime
U0723,Doctor,Khoa_Ngoai,CN_HN,Doctor,Yes,Mid,FullTime
U0724,Cashier,Phong_TaiChinh,CN_HCM,Cashier,No,Senior,FullTime
U0725,HR,Phong_NhanSu,CN_HN,HR,No,Junior,FullTime
U0726,HR,Phong_NhanSu,CN_HCM,HR,No,Junior,FullTime
U0727,Doctor,Khoa_Noi,CN_HN,Doctor,Yes,Senior,FullTime
U0728,Doctor,Khoa_Ngoai,CN_HCM,Doctor,Yes,Mid,FullTime
U0729,Doctor,Khoa_Ngoai,CN_HN,Doctor,Yes,Junior,FullTime
U0730,Nurse,Khoa_Noi,CN_HN,Nurse,Yes,Mid,FullTime
U0731,Receptionist,Phong_TiepDon,CN_HN,Receptionist,No,Junior,FullTime
U0732,Receptionist,Phong_TiepDon,CN_HCM,Receptionist,No,Junior,FullTime
U0733,HR,Phong_NhanSu,CN_HN,HR,No,Senior,FullTime
U0734,Cashier,Phong_TaiChinh,CN_HN,Cashier,No,Junior,FullTime
U0735,Nurse,Khoa_Ngoai,CN_HN,Nurse,Yes,Mid,FullTime
U0736,HR,Phong_NhanSu,CN_HCM,HR,No,Mid,FullTime
U0737,Cashier,Phong_TaiChinh,CN_HN,Cashier,No,Mid,FullTime
U0738,Receptionist,Phong_TiepDon,CN_HCM,Receptionist,No,Mid,FullTime
U0739,Receptionist,Phong_TiepDon,CN_HCM,Receptionist,No,Mid,FullTime
U0740,Nurse,Khoa_Noi,CN_HCM,Nurse,Yes,Junior,FullTime
U0741,Cashier,Phong_TaiChinh,CN_HN,Cashier,No,Mid,FullTime
U0742,Cashier,Phong_TaiChinh,CN_HCM,Cashier,No,Mid,FullTime
U0743,Doctor,Khoa_Ngoai,CN_HCM,Doctor,Yes,Mid,FullTime
U0744,Doctor,Khoa_Ngoai,CN_HCM,Doctor,Yes,Senior,FullTime
U0745,Doctor,Khoa_Noi,CN_HCM,Doctor,Yes,Senior,FullTime
U0746,Cashier,Phong_TaiChinh,CN_HCM,Cashier,No,Mid,FullTime
U0747,Doctor,Khoa_Noi,CN_HN,Doctor,Yes,Mid,FullTime
U0748,Cashier,Phong_TaiChinh,CN_HCM,Cashier,No,Junior,FullTime
U0749,Receptionist,Phong_TiepDon,CN_HCM,Receptionist,No,Mid,FullTime
U0750,Doctor,Khoa_Noi,CN_HCM,Doctor,Yes,Junior,FullTime
U0751,Receptionist,Phong_TiepDon,CN_HN,Receptionist,No,Senior,FullTime
U0752,Receptionist,Phong_TiepDon,CN_HN,Receptionist,No,Junior,FullTime
U0753,HR,Phong_NhanSu,CN_HCM,HR,No,Senior,FullTime
U0754,Receptionist,Phong_TiepDon,CN_HN,Receptionist,No,Senior,FullTime
U0755,Doctor,Khoa_Ngoai,CN_HCM,Doctor,Yes,Mid,FullTime
U0756,Nurse,Khoa_Ngoai,CN_HN,Nurse,Yes,Mid,FullTime
U0757,HR,Phong_NhanSu,CN_HCM,HR,No,Senior,FullTime
U0758,Receptionist,Phong_TiepDon,CN_HCM,Receptionist,No,Mid,FullTime
U0759,Receptionist,Phong_TiepDon,CN_HCM,Receptionist,No,Junior,FullTime
U0760,Cashier,Phong_TaiChinh,CN_HN,Cashier,No,Mid,FullTime
U0761,Nurse,Khoa_Noi,CN_HCM,Nurse,Yes,Junior,FullTime
U0762,Doctor,Khoa_Ngoai,CN_HN,Doctor,Yes,Junior,FullTime
U0763,Cashier,Phong_TaiChinh,CN_HN,Cashier,No,Senior,FullTime
U0764,Receptionist,Phong_TiepDon,CN_HCM,Receptionist,No,Mid,FullTime
U0765,Nurse,Khoa_Ngoai,CN_HN,Nurse,Yes,Senior,FullTime
U0766,HR,Phong_NhanSu,CN_HCM,HR,No,Mid,FullTime
U0767,HR,Phong_NhanSu,CN_HN,HR,No,Mid,FullTime
U0768,Doctor,Khoa_Ngoai,CN_HCM,Doctor,Yes,Mid,FullTime
U0769,Nurse,Khoa_Noi,CN_HN,Nurse,Yes,Mid,FullTime
U0770,Receptionist,Phong_TiepDon,CN_HCM,Receptionist,No,Mid,FullTime
U0771,Receptionist,Phong_TiepDon,CN_HN,Receptionist,No,Senior,FullTime
U0772,Doctor,Khoa_Ngoai,CN_HN,Doctor,Yes,Mid,FullTime
U0773,Doctor,Khoa_Noi,CN_HCM,Doctor,Yes,Senior,FullTime
U0774,Receptionist,Phong_TiepDon,CN_HCM,Receptionist,No,Mid,FullTime
U0775,Doctor,Khoa_Noi,CN_HN,Doctor,Yes,Junior,FullTime
U0776,Nurse,Khoa_Ngoai,CN_HCM,Nurse,Yes,Senior,FullTime
U0777,Nurse,Khoa_Noi,CN_HN,Nurse,Yes,Junior,FullTime
U0778,Receptionist,Phong_TiepDon,CN_HN,Receptionist,No,Senior,FullTime
U0779,Cashier,Phong_TaiChinh,CN_HN,Cashier,No,Mid,FullTime
U0780,Cashier,Phong_TaiChinh,CN_HN,Cashier,No,Junior,FullTime
U0781,Nurse,Khoa_Ngoai,CN_HN,Nurse,Yes,Junior,FullTime
U0782,Nurse,Khoa_Ngoai,CN_HCM,Nurse,Yes,Junior,FullTime
U0783,Receptionist,Phong_TiepDon,CN_HCM,Receptionist,No,Senior,FullTime
U0784,Nurse,Khoa_Noi,CN_HCM,Nurse,Yes,Mid,FullTime
U0785,Doctor,Khoa_Noi,CN_HN,Doctor,Yes,Mid,FullTime
U0786,Receptionist,Phong_TiepDon,CN_HN,Receptionist,No,Senior,FullTime
U0787,Nurse,Khoa_Ngoai,CN_HCM,Nurse,Yes,Mid,FullTime
U0788,Nurse,Khoa_Ngoai,CN_HN,Nurse,Yes,Mid,FullTime
U0789,Receptionist,Phong_TiepDon,CN_HCM,Receptionist,No,Mid,FullTime
U0790,Cashier,Phong_TaiChinh,CN_HCM,Cashier,No,Junior,FullTime
U0791,Receptionist,Phong_TiepDon,CN_HCM,Receptionist,No,Senior,FullTime
U0792,Doctor,Khoa_Noi,CN_HN,Doctor,Yes,Junior,FullTime
U0793,Nurse,Khoa_Noi,CN_HN,Nurse,Yes,Senior,FullTime
U0794,Doctor,Khoa_Ngoai,CN_HCM,Doctor,Yes,Mid,FullTime
U0795,Cashier,Phong_TaiChinh,CN_HN,Cashier,No,Senior,FullTime
U0796,Cashier,Phong_TaiChinh,CN_HCM,Cashier,No,Mid,FullTime
U0797,HR,Phong_NhanSu,CN_HCM,HR,No,Senior,FullTime
U0798,Cashier,Phong_TaiChinh,CN_HCM,Cashier,No,Mid,FullTime
U0799,Doctor,Khoa_Noi,CN_HN,Doctor,Yes,Mid,FullTime
U0800,Nurse,Khoa_Noi,CN_HCM,Nurse,Yes,Senior,FullTime
U0801,Nurse,Khoa_Ngoai,CN_HN,Nurse,Yes,Senior,FullTime
U0802,Nurse,Khoa_Ngoai,CN_HN,Nurse,Yes,Senior,FullTime
U0803,Doctor,Khoa_Ngoai,CN_HN,Doctor,Yes,Mid,FullTime
U0804,Cashier,Phong_TaiChinh,CN_HCM,Cashier,No,Mid,FullTime
U0805,Nurse,Khoa_Ngoai,CN_HCM,Nurse,Yes,Senior,FullTime
U0806,Receptionist,Phong_TiepDon,CN_HN,Receptionist,No,Senior,FullTime
U0807,Cashier,Phong_TaiChinh,CN_HN,Cashier,No,Senior,FullTime
U0808,Nurse,Khoa_Ngoai,CN_HN,Nurse,Yes,Junior,FullTime
U0809,HR,Phong_NhanSu,CN_HCM,HR,No,Mid,FullTime
U0810,Nurse,Khoa_Noi,CN_HCM,Nurse,Yes,Mid,FullTime
U0811,Nurse,Khoa_Noi,CN_HN,Nurse,Yes,Senior,FullTime
U0812,Doctor,Khoa_Noi,CN_HN,Doctor,Yes,Senior,FullTime
U0813,HR,Phong_NhanSu,CN_HCM,HR,No,Mid,FullTime
U0814,HR,Phong_NhanSu,CN_HCM,HR,No,Mid,FullTime
U0815,Receptionist,Phong_TiepDon,CN_HN,Receptionist,No,Senior,FullTime
U0816,Doctor,Khoa_Noi,CN_HCM,Doctor,Yes,Mid,FullTime
U0817,Doctor,Khoa_Noi,CN_HN,Doctor,Yes,Mid,FullTime
U0818,HR,Phong_NhanSu,CN_HCM,HR,No,Senior,FullTime
U0819,HR,Phong_NhanSu,CN_HCM,HR,No,Junior,FullTime
U0820,Nurse,Khoa_Ngoai,CN_HN,Nurse,Yes,Junior,FullTime
U0821,Doctor,Khoa_Ngoai,CN_HCM,Doctor,Yes,Senior,FullTime
U0822,Nurse,Khoa_Noi,CN_HCM,Nurse,Yes,Mid,FullTime
U0823,HR,Phong_NhanSu,CN_HN,HR,No,Senior,FullTime
U0824,Cashier,Phong_TaiChinh,CN_HN,Cashier,No,Junior,FullTime
U0825,Cashier,Phong_TaiChinh,CN_HN,Cashier,No,Mid,FullTime
U0826,Cashier,Phong_TaiChinh,CN_HN,Cashier,No,Junior,FullTime
U0827,HR,Phong_NhanSu,CN_HCM,HR,No,Senior,FullTime
U0828,Receptionist,Phong_TiepDon,CN_HN,Receptionist,No,Senior,FullTime
U0829,HR,Phong_NhanSu,CN_HCM,HR,No,Mid,FullTime
U0830,Cashier,Phong_TaiChinh,CN_HN,Cashier,No,Senior,FullTime
U0831,Doctor,Khoa_Noi,CN_HN,Doctor,Yes,Mid,FullTime
U0832,Receptionist,Phong_TiepDon,CN_HCM,Receptionist,No,Junior,FullTime
U0833,HR,Phong_NhanSu,CN_HCM,HR,No,Junior,FullTime
U0834,Cashier,Phong_TaiChinh,CN_HN,Cashier,No,Senior,FullTime
U0835,Doctor,Khoa_Ngoai,CN_HN,Doctor,Yes,Junior,FullTime
U0836,Receptionist,Phong_TiepDon,CN_HN,Receptionist,No,Junior,FullTime
U0837,Nurse,Khoa_Noi,CN_HCM,Nurse,Yes,Senior,FullTime
U0838,Cashier,Phong_TaiChinh,CN_HCM,Cashier,No,Mid,FullTime
U0839,Receptionist,Phong_TiepDon,CN_HCM,Receptionist,No,Junior,FullTime
U0840,Doctor,Khoa_Ngoai,CN_HN,Doctor,Yes,Mid,FullTime
U0841,Doctor,Khoa_Noi,CN_HN,Doctor,Yes,Mid,FullTime
U0842,Nurse,Khoa_Noi,CN_HCM,Nurse,Yes,Mid,FullTime
U0843,Doctor,Khoa_Ngoai,CN_HCM,Doctor,Yes,Mid,FullTime
U0844,Cashier,Phong_TaiChinh,CN_HCM,Cashier,No,Senior,FullTime
U0845,Nurse,Khoa_Ngoai,CN_HN,Nurse,Yes,Junior,FullTime
U0846,Cashier,Phong_TaiChinh,CN_HN,Cashier,No,Mid,FullTime
U0847,HR,Phong_NhanSu,CN_HN,HR,No,Junior,FullTime
U0848,Receptionist,Phong_TiepDon,CN_HN,Receptionist,No,Senior,FullTime
U0849,Cashier,Phong_TaiChinh,CN_HCM,Cashier,No,Senior,FullTime
U0850,HR,Phong_NhanSu,CN_HN,HR,No,Senior,FullTime
U0851,Receptionist,Phong_TiepDon,CN_HN,Receptionist,No,Senior,FullTime
U0852,Receptionist,Phong_TiepDon,CN_HN,Receptionist,No,Mid,FullTime
U0853,Cashier,Phong_TaiChinh,CN_HCM,Cashier,No,Senior,FullTime
U0854,Cashier,Phong_TaiChinh,CN_HN,Cashier,No,Senior,FullTime
U0855,Cashier,Phong_TaiChinh,CN_HN,Cashier,No,Junior,FullTime
U0856,Doctor,Khoa_Ngoai,CN_HCM,Doctor,Yes,Mid,FullTime
U0857,Nurse,Khoa_Noi,CN_HCM,Nurse,Yes,Senior,FullTime
U0858,HR,Phong_NhanSu,CN_HN,HR,No,Junior,FullTime
U0859,Receptionist,Phong_TiepDon,CN_HCM,Receptionist,No,Junior,FullTime
U0860,Cashier,Phong_TaiChinh,CN_HN,Cashier,No,Mid,FullTime
U0861,Doctor,Khoa_Noi,CN_HN,Doctor,Yes,Senior,FullTime
U0862,HR,Phong_NhanSu,CN_HCM,HR,No,Mid,FullTime
U0863,Receptionist,Phong_TiepDon,CN_HCM,Receptionist,No,Junior,FullTime
U0864,Nurse,Khoa_Ngoai,CN_HCM,Nurse,Yes,Junior,FullTime
U0865,Doctor,Khoa_Ngoai,CN_HN,Doctor,Yes,Junior,FullTime
U0866,Receptionist,Phong_TiepDon,CN_HN,Receptionist,No,Junior,FullTime
U0867,Receptionist,Phong_TiepDon,CN_HCM,Receptionist,No,Junior,FullTime
U0868,Cashier,Phong_TaiChinh,CN_HCM,Cashier,No,Senior,FullTime
U0869,Cashier,Phong_TaiChinh,CN_HN,Cashier,No,Mid,FullTime
U0870,Nurse,Khoa_Ngoai,CN_HCM,Nurse,Yes,Senior,FullTime
U0871,Cashier,Phong_TaiChinh,CN_HCM,Cashier,No,Mid,FullTime
U0872,Cashier,Phong_TaiChinh,CN_HCM,Cashier,No,Senior,FullTime
U0873,Receptionist,Phong_TiepDon,CN_HCM,Receptionist,No,Mid,FullTime
U0874,Receptionist,Phong_TiepDon,CN_HCM,Receptionist,No,Senior,FullTime
U0875,Nurse,Khoa_Ngoai,CN_HN,Nurse,Yes,Senior,FullTime
U0876,Nurse,Khoa_Noi,CN_HCM,Nurse,Yes,Senior,FullTime
U0877,Cashier,Phong_TaiChinh,CN_HN,Cashier,No,Mid,FullTime
U0878,Cashier,Phong_TaiChinh,CN_HCM,Cashier,No,Junior,FullTime
U0879,Nurse,Khoa_Ngoai,CN_HN,Nurse,Yes,Junior,FullTime
U0880,Doctor,Khoa_Ngoai,CN_HN,Doctor,Yes,Senior,FullTime
U0881,HR,Phong_NhanSu,CN_HN,HR,No,Junior,FullTime
U0882,Nurse,Khoa_Ngoai,CN_HCM,Nurse,Yes,Senior,FullTime
U0883,Receptionist,Phong_TiepDon,CN_HCM,Receptionist,No,Senior,FullTime
U0884,Receptionist,Phong_TiepDon,CN_HCM,Receptionist,No,Senior,FullTime
U0885,Receptionist,Phong_TiepDon,CN_HN,Receptionist,No,Senior,FullTime
U0886,Receptionist,Phong_TiepDon,CN_HN,Receptionist,No,Mid,FullTime
U0887,Nurse,Khoa_Noi,CN_HCM,Nurse,Yes,Mid,FullTime
U0888,Receptionist,Phong_TiepDon,CN_HCM,Receptionist,No,Senior,FullTime
U0889,HR,Phong_NhanSu,CN_HCM,HR,No,Junior,FullTime
U0890,HR,Phong_NhanSu,CN_HCM,HR,No,Junior,FullTime
U0891,Cashier,Phong_TaiChinh,CN_HCM,Cashier,No,Junior,FullTime
U0892,Nurse,Khoa_Ngoai,CN_HCM,Nurse,Yes,Senior,FullTime
U0893,Doctor,Khoa_Noi,CN_HN,Doctor,Yes,Junior,FullTime
U0894,Receptionist,Phong_TiepDon,CN_HN,Receptionist,No,Senior,FullTime
U0895,HR,Phong_NhanSu,CN_HN,HR,No,Junior,FullTime
U0896,HR,Phong_NhanSu,CN_HCM,HR,No,Senior,FullTime
U0897,Cashier,Phong_TaiChinh,CN_HCM,Cashier,No,Senior,FullTime
U0898,HR,Phong_NhanSu,CN_HCM,HR,No,Mid,FullTime
U0899,Doctor,Khoa_Noi,CN_HCM,Doctor,Yes,Senior,FullTime
U0900,HR,Phong_NhanSu,CN_HCM,HR,No,Mid,FullTime
U0901,Doctor,Khoa_Noi,CN_HN,Doctor,Yes,Mid,FullTime
U0902,Nurse,Khoa_Noi,CN_HN,Nurse,Yes,Junior,FullTime
U0903,Cashier,Phong_TaiChinh,CN_HN,Cashier,No,Junior,FullTime
U0904,Cashier,Phong_TaiChinh,CN_HCM,Cashier,No,Mid,FullTime
U0905,Doctor,Khoa_Ngoai,CN_HN,Doctor,Yes,Junior,FullTime
U0906,HR,Phong_NhanSu,CN_HN,HR,No,Mid,FullTime
U0907,Nurse,Khoa_Noi,CN_HCM,Nurse,Yes,Junior,FullTime
U0908,HR,Phong_NhanSu,CN_HCM,HR,No,Mid,FullTime
U0909,Doctor,Khoa_Ngoai,CN_HCM,Doctor,Yes,Mid,FullTime
U0910,Receptionist,Phong_TiepDon,CN_HCM,Receptionist,No,Senior,FullTime
U0911,Receptionist,Phong_TiepDon,CN_HCM,Receptionist,No,Junior,FullTime
U0912,Receptionist,Phong_TiepDon,CN_HCM,Receptionist,No,Mid,FullTime
U0913,HR,Phong_NhanSu,CN_HCM,HR,No,Senior,FullTime
U0914,HR,Phong_NhanSu,CN_HCM,HR,No,Junior,FullTime
U0915,Nurse,Khoa_Noi,CN_HN,Nurse,Yes,Senior,FullTime
U0916,Nurse,Khoa_Ngoai,CN_HCM,Nurse,Yes,Mid,FullTime
U0917,Receptionist,Phong_TiepDon,CN_HCM,Receptionist,No,Junior,FullTime
U0918,Doctor,Khoa_Noi,CN_HCM,Doctor,Yes,Senior,FullTime
U0919,Receptionist,Phong_TiepDon,CN_HCM,Receptionist,No,Senior,FullTime
U0920,Cashier,Phong_TaiChinh,CN_HCM,Cashier,No,Senior,FullTime
U0921,Doctor,Khoa_Ngoai,CN_HN,Doctor,Yes,Mid,FullTime
U0922,HR,Phong_NhanSu,CN_HN,HR,No,Mid,FullTime
U0923,Cashier,Phong_TaiChinh,CN_HCM,Cashier,No,Mid,FullTime
U0924,Doctor,Khoa_Noi,CN_HCM,Doctor,Yes,Senior,FullTime
U0925,Nurse,Khoa_Noi,CN_HCM,Nurse,Yes,Mid,FullTime
U0926,HR,Phong_NhanSu,CN_HCM,HR,No,Junior,FullTime
U0927,Nurse,Khoa_Ngoai,CN_HN,Nurse,Yes,Junior,FullTime
U0928,Cashier,Phong_TaiChinh,CN_HCM,Cashier,No,Junior,FullTime
U0929,Receptionist,Phong_TiepDon,CN_HCM,Receptionist,No,Mid,FullTime
U0930,HR,Phong_NhanSu,CN_HN,HR,No,Junior,FullTime
U0931,Nurse,Khoa_Noi,CN_HCM,Nurse,Yes,Mid,FullTime
U0932,Doctor,Khoa_Ngoai,CN_HN,Doctor,Yes,Junior,FullTime
U0933,HR,Phong_NhanSu,CN_HCM,HR,No,Mid,FullTime
U0934,HR,Phong_NhanSu,CN_HN,HR,No,Junior,FullTime
U0935,Cashier,Phong_TaiChinh,CN_HN,Cashier,No,Junior,FullTime
U0936,Cashier,Phong_TaiChinh,CN_HN,Cashier,No,Mid,FullTime
U0937,Cashier,Phong_TaiChinh,CN_HCM,Cashier,No,Junior,FullTime
U0938,Receptionist,Phong_TiepDon,CN_HCM,Receptionist,No,Senior,FullTime
U0939,Doctor,Khoa_Noi,CN_HCM,Doctor,Yes,Senior,FullTime
U0940,Doctor,Khoa_Ngoai,CN_HCM,Doctor,Yes,Mid,FullTime
U0941,HR,Phong_NhanSu,CN_HN,HR,No,Junior,FullTime
U0942,Nurse,Khoa_Ngoai,CN_HN,Nurse,Yes,Senior,FullTime
U0943,HR,Phong_NhanSu,CN_HN,HR,No,Mid,FullTime
U0944,Receptionist,Phong_TiepDon,CN_HCM,Receptionist,No,Junior,FullTime
U0945,Nurse,Khoa_Ngoai,CN_HCM,Nurse,Yes,Mid,FullTime
U0946,Doctor,Khoa_Noi,CN_HCM,Doctor,Yes,Mid,FullTime
U0947,Cashier,Phong_TaiChinh,CN_HCM,Cashier,No,Junior,FullTime
U0948,Doctor,Khoa_Noi,CN_HCM,Doctor,Yes,Junior,FullTime
U0949,HR,Phong_NhanSu,CN_HN,HR,No,Mid,FullTime
U0950,Nurse,Khoa_Ngoai,CN_HCM,Nurse,Yes,Junior,FullTime
U0951,Cashier,Phong_TaiChinh,CN_HN,Cashier,No,Junior,FullTime
U0952,Cashier,Phong_TaiChinh,CN_HCM,Cashier,No,Mid,FullTime
U0953,HR,Phong_NhanSu,CN_HN,HR,No,Mid,FullTime
U0954,Cashier,Phong_TaiChinh,CN_HN,Cashier,No,Junior,FullTime
U0955,Doctor,Khoa_Ngoai,CN_HCM,Doctor,Yes,Senior,FullTime
U0956,Cashier,Phong_TaiChinh,CN_HCM,Cashier,No,Junior,FullTime
U0957,HR,Phong_NhanSu,CN_HN,HR,No,Senior,FullTime
U0958,HR,Phong_NhanSu,CN_HCM,HR,No,Junior,FullTime
U0959,Cashier,Phong_TaiChinh,CN_HCM,Cashier,No,Mid,FullTime
U0960,HR,Phong_NhanSu,CN_HCM,HR,No,Senior,FullTime
U0961,Doctor,Khoa_Noi,CN_HN,Doctor,Yes,Junior,FullTime
U0962,HR,Phong_NhanSu,CN_HN,HR,No,Senior,FullTime
U0963,Nurse,Khoa_Noi,CN_HN,Nurse,Yes,Mid,FullTime
U0964,Receptionist,Phong_TiepDon,CN_HN,Receptionist,No,Junior,FullTime
U0965,Receptionist,Phong_TiepDon,CN_HN,Receptionist,No,Mid,FullTime
U0966,Nurse,Khoa_Ngoai,CN_HCM,Nurse,Yes,Senior,FullTime
U0967,Doctor,Khoa_Ngoai,CN_HN,Doctor,Yes,Senior,FullTime
U0968,Nurse,Khoa_Ngoai,CN_HCM,Nurse,Yes,Senior,FullTime
U0969,Receptionist,Phong_TiepDon,CN_HN,Receptionist,No,Junior,FullTime
U0970,Receptionist,Phong_TiepDon,CN_HN,Receptionist,No,Mid,FullTime
U0971,HR,Phong_NhanSu,CN_HN,HR,No,Senior,FullTime
U0972,Receptionist,Phong_TiepDon,CN_HCM,Receptionist,No,Junior,FullTime
U0973,Cashier,Phong_TaiChinh,CN_HN,Cashier,No,Mid,FullTime
U0974,Doctor,Khoa_Noi,CN_HN,Doctor,Yes,Mid,FullTime
U0975,Receptionist,Phong_TiepDon,CN_HN,Receptionist,No,Junior,FullTime
U0976,Cashier,Phong_TaiChinh,CN_HCM,Cashier,No,Mid,FullTime
U0977,Receptionist,Phong_TiepDon,CN_HN,Receptionist,No,Mid,FullTime
U0978,Nurse,Khoa_Noi,CN_HCM,Nurse,Yes,Junior,FullTime
U0979,Nurse,Khoa_Noi,CN_HN,Nurse,Yes,Senior,FullTime
U0980,HR,Phong_NhanSu,CN_HCM,HR,No,Senior,FullTime
U0981,HR,Phong_NhanSu,CN_HCM,HR,No,Mid,FullTime
U0982,Receptionist,Phong_TiepDon,CN_HN,Receptionist,No,Mid,FullTime
U0983,Receptionist,Phong_TiepDon,CN_HN,Receptionist,No,Mid,FullTime
U0984,Cashier,Phong_TaiChinh,CN_HCM,Cashier,No,Senior,FullTime
U0985,Doctor,Khoa_Ngoai,CN_HN,Doctor,Yes,Mid,FullTime
U0986,Cashier,Phong_TaiChinh,CN_HN,Cashier,No,Senior,FullTime
U0987,Cashier,Phong_TaiChinh,CN_HCM,Cashier,No,Senior,FullTime
U0988,HR,Phong_NhanSu,CN_HN,HR,No,Junior,FullTime
U0989,Cashier,Phong_TaiChinh,CN_HCM,Cashier,No,Senior,FullTime
U0990,Nurse,Khoa_Ngoai,CN_HN,Nurse,Yes,Mid,FullTime
U0991,Nurse,Khoa_Ngoai,CN_HCM,Nurse,Yes,Junior,FullTime
U0992,Receptionist,Phong_TiepDon,CN_HN,Receptionist,No,Senior,FullTime
U0993,Doctor,Khoa_Noi,CN_HN,Doctor,Yes,Senior,FullTime
U0994,HR,Phong_NhanSu,CN_HCM,HR,No,Senior,FullTime
U0995,Nurse,Khoa_Ngoai,CN_HCM,Nurse,Yes,Junior,FullTime
U0996,HR,Phong_NhanSu,CN_HN,HR,No,Junior,FullTime
U0997,HR,Phong_NhanSu,CN_HN,HR,No,Mid,FullTime
U0998,Doctor,Khoa_Noi,CN_HN,Doctor,Yes,Senior,FullTime
U0999,HR,Phong_NhanSu,CN_HN,HR,No,Junior,FullTime
